﻿<parameters>
  <parameter name="IIS Web Application Name" defaultValue="nutritionoffice" tags="IisApp">
    <parameterEntry kind="ProviderPath" scope="IisApp" match="^F:\\MyProjects\\nutritionoffice\\app\\nutritionoffice\\nutritionoffice\\obj\\Release\\Package\\PackageTmp$" />
    <parameterEntry kind="ProviderPath" scope="setAcl" match="^F:\\MyProjects\\nutritionoffice\\app\\nutritionoffice\\nutritionoffice\\obj\\Release\\Package\\PackageTmp$" />
  </parameter>
  <parameter name="DefaultConnection-Web.config Connection String" defaultValue="Data Source=.\SQLEXPRESS14;Initial Catalog=nutrdb_debug;Integrated Security=True">
    <parameterEntry kind="XmlFile" scope="F:\\MyProjects\\nutritionoffice\\app\\nutritionoffice\\nutritionoffice\\obj\\Release\\Package\\PackageTmp\\Web\.config$" match="/configuration/connectionStrings/add[@name='DefaultConnection']/@connectionString" />
  </parameter>
  <parameter name="ndbContext-Web.config Connection String" defaultValue="Data Source=.\SQLEXPRESS14;Initial Catalog=nutrdb_debug;Integrated Security=True">
    <parameterEntry kind="XmlFile" scope="F:\\MyProjects\\nutritionoffice\\app\\nutritionoffice\\nutritionoffice\\obj\\Release\\Package\\PackageTmp\\Web\.config$" match="/configuration/connectionStrings/add[@name='ndbContext']/@connectionString" />
  </parameter>
  <parameter name="ndbContext_DatabasePublish-Web.config Connection String" description="ndbContext Connection String used by Entity Framework Code First Model to deploy the database." defaultValue="Data Source=.\SQLEXPRESS14;Initial Catalog=nutrdb_debug;Integrated Security=True">
    <parameterEntry kind="XmlFile" scope="F:\\MyProjects\\nutritionoffice\\app\\nutritionoffice\\nutritionoffice\\obj\\Release\\Package\\PackageTmp\\Web\.config$" match="/configuration/connectionStrings/add[@name='ndbContext_DatabasePublish']/@connectionString" />
  </parameter>
</parameters>